{
  "$schema": "https://mintlify.com/docs.json",
  "theme": "mint",
  "name": "MyCentralino API",
  "colors": {
    "primary": "#16A34A",
    "light": "#07C983",
    "dark": "#15803D"
  },
  "favicon": "/favicon.svg",
  "navigation": {
    "tabs": [
      {
        "tab": "Documentazione",
        "groups": [
          {
            "group": "Introduzione",
            "pages": [
              "index"
            ]
          }
        ]
      }
    ],
    "global": {
      "anchors": [
        {
          "anchor": "Sito Web",
          "href": "https://mycentralino.it",
          "icon": "globe"
        },
        {
          "anchor": "Supporto",
          "href": "https://mycentralino.it/contatti",
          "icon": "headset"
        }
      ]
    }
  },
  "logo": {
    "light": "/logo/light.svg",
    "dark": "/logo/dark.svg"
  },
  "navbar": {
    "links": [
      {
        "label": "Accedi",
        "href": "https://mycentralino.it"
      }
    ],
    "primary": {
      "type": "button",
      "label": "Dashboard",
      "href": "https://mycentralino.it/dashboard"
    }
  },
  "contextual": {
    "options": [
      "copy",
      "view",
      "claude",
      "cursor"
    ]
  },
  "footer": {
    "socials": {
      "website": "https://mycentralino.it"
    }
  }
}
